[{"model": "admin.logentry", "pk": 5, "fields": {"action_time": "2021-05-14T17:03:38.216Z", "user": 6, "content_type": 17, "object_id": "7", "object_repr": "AE1A91C29FAE431D9CDA71A88B5ACFCA", "action_flag": 3, "change_message": ""}}, {"model": "admin.logentry", "pk": 6, "fields": {"action_time": "2021-05-14T17:03:38.226Z", "user": 6, "content_type": 17, "object_id": "6", "object_repr": "72C447EC00284E2C9AA51014DE12D5F9", "action_flag": 3, "change_message": ""}}, {"model": "admin.logentry", "pk": 7, "fields": {"action_time": "2021-05-14T17:03:38.229Z", "user": 6, "content_type": 17, "object_id": "5", "object_repr": "A4C9242CC4CB418FBF5D7AC1B8CF2DAF", "action_flag": 3, "change_message": ""}}, {"model": "admin.logentry", "pk": 8, "fields": {"action_time": "2021-05-14T17:03:38.231Z", "user": 6, "content_type": 17, "object_id": "4", "object_repr": "DC8A8A164811469B8A211A7AE952FE7E", "action_flag": 3, "change_message": ""}}, {"model": "admin.logentry", "pk": 9, "fields": {"action_time": "2021-05-14T17:03:38.233Z", "user": 6, "content_type": 17, "object_id": "3", "object_repr": "920744F77A674BB2A82C26983CF787E3", "action_flag": 3, "change_message": ""}}, {"model": "admin.logentry", "pk": 10, "fields": {"action_time": "2021-05-14T17:03:38.236Z", "user": 6, "content_type": 17, "object_id": "2", "object_repr": "20FF18B5346B4F5899ACB4E3C420B362", "action_flag": 3, "change_message": ""}}, {"model": "admin.logentry", "pk": 11, "fields": {"action_time": "2021-05-14T17:03:38.239Z", "user": 6, "content_type": 17, "object_id": "1", "object_repr": "ED46B4C8540E49F1BB69642A2DE3AE8B", "action_flag": 3, "change_message": ""}}, {"model": "admin.logentry", "pk": 12, "fields": {"action_time": "2021-05-15T09:18:05.056Z", "user": 6, "content_type": 13, "object_id": "1", "object_repr": "10", "action_flag": 1, "change_message": "[{\"added\": {}}]"}}, {"model": "admin.logentry", "pk": 13, "fields": {"action_time": "2021-05-15T09:18:08.265Z", "user": 6, "content_type": 15, "object_id": "4", "object_repr": "Giraffe", "action_flag": 1, "change_message": "[{\"added\": {}}]"}}, {"model": "admin.logentry", "pk": 14, "fields": {"action_time": "2021-05-17T10:48:51.449Z", "user": 6, "content_type": 20, "object_id": "5", "object_repr": "bkjbfkjafbkf", "action_flag": 3, "change_message": ""}}, {"model": "admin.logentry", "pk": 15, "fields": {"action_time": "2021-05-17T10:48:57.891Z", "user": 6, "content_type": 20, "object_id": "3", "object_repr": ". . . . .m ,n n", "action_flag": 3, "change_message": ""}}, {"model": "admin.logentry", "pk": 16, "fields": {"action_time": "2021-05-17T10:49:02.940Z", "user": 6, "content_type": 20, "object_id": "2", "object_repr": "fwefefefeffFF", "action_flag": 3, "change_message": ""}}, {"model": "admin.logentry", "pk": 17, "fields": {"action_time": "2021-05-18T18:00:38.546Z", "user": 6, "content_type": 4, "object_id": "14", "object_repr": "baeqscad@supersave.net", "action_flag": 3, "change_message": ""}}, {"model": "admin.logentry", "pk": 18, "fields": {"action_time": "2021-05-18T18:00:38.574Z", "user": 6, "content_type": 4, "object_id": "8", "object_repr": "bella", "action_flag": 3, "change_message": ""}}, {"model": "admin.logentry", "pk": 19, "fields": {"action_time": "2021-05-18T18:00:38.595Z", "user": 6, "content_type": 4, "object_id": "9", "object_repr": "fecoga3857@threepp.com", "action_flag": 3, "change_message": ""}}, {"model": "admin.logentry", "pk": 20, "fields": {"action_time": "2021-05-18T18:00:38.616Z", "user": 6, "content_type": 4, "object_id": "17", "object_repr": "glefflery_z503s@bylup.com", "action_flag": 3, "change_message": ""}}, {"model": "admin.logentry", "pk": 21, "fields": {"action_time": "2021-05-18T18:00:38.637Z", "user": 6, "content_type": 4, "object_id": "18", "object_repr": "irkjtsfnjhyahl@supersave.net", "action_flag": 3, "change_message": ""}}, {"model": "admin.logentry", "pk": 22, "fields": {"action_time": "2021-05-18T18:00:38.658Z", "user": 6, "content_type": 4, "object_id": "13", "object_repr": "klfnlknf", "action_flag": 3, "change_message": ""}}, {"model": "admin.logentry", "pk": 23, "fields": {"action_time": "2021-05-18T18:00:38.679Z", "user": 6, "content_type": 4, "object_id": "10", "object_repr": "lixov69701@troikos.com", "action_flag": 3, "change_message": ""}}, {"model": "admin.logentry", "pk": 24, "fields": {"action_time": "2021-05-18T18:00:38.700Z", "user": 6, "content_type": 4, "object_id": "11", "object_repr": "masinar694@threepp.com", "action_flag": 3, "change_message": ""}}, {"model": "admin.logentry", "pk": 25, "fields": {"action_time": "2021-05-18T18:00:38.723Z", "user": 6, "content_type": 4, "object_id": "16", "object_repr": "mroweg_y431j@bylup.com", "action_flag": 3, "change_message": ""}}, {"model": "admin.logentry", "pk": 26, "fields": {"action_time": "2021-05-18T18:00:38.744Z", "user": 6, "content_type": 4, "object_id": "12", "object_repr": "nineyob911@o3live.com", "action_flag": 3, "change_message": ""}}, {"model": "admin.logentry", "pk": 27, "fields": {"action_time": "2021-05-18T18:00:38.765Z", "user": 6, "content_type": 4, "object_id": "15", "object_repr": "oa4one8dbe@the23app.com", "action_flag": 3, "change_message": ""}}, {"model": "admin.logentry", "pk": 28, "fields": {"action_time": "2021-05-18T18:00:38.786Z", "user": 6, "content_type": 4, "object_id": "5", "object_repr": "_superuser", "action_flag": 3, "change_message": ""}}, {"model": "admin.logentry", "pk": 29, "fields": {"action_time": "2021-05-18T18:00:38.807Z", "user": 6, "content_type": 4, "object_id": "3", "object_repr": "super__user", "action_flag": 3, "change_message": ""}}, {"model": "admin.logentry", "pk": 30, "fields": {"action_time": "2021-05-18T18:00:38.828Z", "user": 6, "content_type": 4, "object_id": "2", "object_repr": "super_user", "action_flag": 3, "change_message": ""}}, {"model": "admin.logentry", "pk": 31, "fields": {"action_time": "2021-05-18T18:00:38.848Z", "user": 6, "content_type": 4, "object_id": "1", "object_repr": "superuser", "action_flag": 3, "change_message": ""}}, {"model": "admin.logentry", "pk": 32, "fields": {"action_time": "2021-05-18T18:00:38.868Z", "user": 6, "content_type": 4, "object_id": "7", "object_repr": "testorsson", "action_flag": 3, "change_message": ""}}, {"model": "admin.logentry", "pk": 33, "fields": {"action_time": "2021-05-18T18:00:38.888Z", "user": 6, "content_type": 4, "object_id": "4", "object_repr": "testuser", "action_flag": 3, "change_message": ""}}, {"model": "auth.user", "pk": 6, "fields": {"password": "pbkdf2_sha256$260000$Y6RfxAosxIQtfmlmGPHQgF$vjSznSUf54pHWrXhKGojZCldbe0x8tQ9LAWLU7bQMqE=", "last_login": "2021-05-17T12:49:33.813Z", "is_superuser": true, "username": "greentoys", "first_name": "", "last_name": "", "email": "greentoys@greentoys.com", "is_staff": true, "is_active": true, "date_joined": "2021-05-14T15:26:00.341Z", "groups": [], "user_permissions": []}}, {"model": "sessions.session", "pk": "0h958d6czp1xypaxrg079pzvjv93ykjo", "fields": {"session_data": "e30:1lhrn0:VQ5FubwMkIoavK6XGydoOYmZcs0Jt41NuEF_aCjHkPw", "expire_date": "2021-05-29T10:44:58.324Z"}}, {"model": "sessions.session", "pk": "1ba08sv492s6d84ybr3xb1tz34n6h1xw", "fields": {"session_data": "eyJiYWciOnsiMSI6N319:1lh8Nd:zld5YwWJiLcYPPgJdM1DAJVUNHpw-6sN9idRJmy8EsE", "expire_date": "2021-05-27T10:15:45.951Z"}}, {"model": "sessions.session", "pk": "1z875jy9l08lsnsb9a1m5c3bwdggpm19", "fields": {"session_data": "e30:1lhWR8:mVD7ZDU01PMXR-kkgCdJTDXg9Tyw9g2qXsjtVMkDsSs", "expire_date": "2021-05-28T11:56:58.753Z"}}, {"model": "sessions.session", "pk": "6duiot1fjrecojwp6ol7rz0qb9coe0qq", "fields": {"session_data": ".eJxVjEEOwiAURO_CuiEtpV_o0r1nIB_4WNSAgdZojHe3TbrQ1SQzb96bGVzmySyViomejQxY89tZdFdK2-AvmM6Zu5zmEi3fEL6vlZ-yp9txZ_8EE9ZpfVvoA_YQbI8HIdQaA2ivndfKBi0dkZShA0FKyaAFtEBOH4JygxMtdLhJK9UaczL0vMfyYmPbsIoPMjGFzMa5LPT5Ag3ARYY:1liLAp:uRPkte7LKEblOdsnw03Olqzytkz1u_MbvyB9Kg601v4", "expire_date": "2021-05-30T18:07:31.172Z"}}, {"model": "sessions.session", "pk": "7vcsk7diw5qis7cb2rm0xv0exlyfd1x5", "fields": {"session_data": "e30:1lhZAA:XRMtdH0pEIQvbRzStoyRceQsdaRUU9RWEiNKnYJ7nn8", "expire_date": "2021-05-28T14:51:38.917Z"}}, {"model": "sessions.session", "pk": "96ykuycjc67om9xfrlws8jekfwryos6c", "fields": {"session_data": "eyJiYWciOnsiMSI6Mn19:1lgmYW:1on4yvh1-N4EKuprDDZB1yPrIIkg9kq_JZD1udugE8E", "expire_date": "2021-05-26T10:57:32.967Z"}}, {"model": "sessions.session", "pk": "afjnlpj2bcmmskkbtffc6k9nkdi2x7bb", "fields": {"session_data": "e30:1lhZgp:9GgDzDlAChLBfDJ5EMS8q1ZTVBE9BciDc5XRzYcjpVw", "expire_date": "2021-05-28T15:25:23.810Z"}}, {"model": "sessions.session", "pk": "bmw6y59o5zd7pvnt5xs9njfsnfohlf3c", "fields": {"session_data": ".eJxVjEEOwiAURO_C2pCW0l_o0r1nIB_4WNSAgdZojHe3TbrpapKZN-_LTKVaY06G3s9YPmxsTszgMk9mqVRM9GxkwA6dRXentA3-humauctpLtHyDeH7Wvkle3qcd_YgmLBO69tCF7CDYDschFBr9KC9dl4rG7R0RFKGFgQpJYMW0AA5PQTleicaaHGVVnyRiSlkNs5lod8fiWJFhg:1lhcGy:Hm4fd9JBaN5Px6tMPxV5i5gMpm1N3WHjWvq7p9QYURM", "expire_date": "2021-05-28T18:10:52.598Z"}}, {"model": "sessions.session", "pk": "c9wxl3qzgehxe0uuf6dumqctb3yrvyvq", "fields": {"session_data": "eyJiYWciOnsiMyI6MX19:1liiKW:cBkKRepmflglfdFN7u-yrhQK-6zlvA_fH2381eRfI2c", "expire_date": "2021-05-31T18:51:04.609Z"}}, {"model": "sessions.session", "pk": "ecz8rbdvwle3xyi500y0vm3c9f2buif6", "fields": {"session_data": "e30:1lhZA9:D7Rl7-6PnTGeP8ve26bCh8xjApgzCto69IZ3nc0maOI", "expire_date": "2021-05-28T14:51:37.306Z"}}, {"model": "sessions.session", "pk": "onuy1xpq922onyur0njdbganlrj0pw7p", "fields": {"session_data": ".eJxVj0FqwzAQRe8ya2Ns2VEkLbvvGcRoNIrVulKQrNAScvfaJRSyGnjv_w9zByTKLW32xiWGyN7yF8YVTGrr2v3bVrmAAQ8dWGzb8gds9DuTr8whfXI6hP_AdMk95bSV6Poj0j9t7d-z5_XtmX0ZWLAue9vJKeAkg5vwLITaz0lqr8lr5YKeiXmewygFKzUHLeQgmfQ5KDqRGOSIx2jlWmNOlr-vsfyAGTqoeGMbU8hgttK4A4cXMPf9CzM-Hr8yuVr6:1lj41H:gIV5V0vfhE9BIQ7H0KfKk08TsI8L1wW-ntK9fueTwww", "expire_date": "2021-06-01T18:00:39.712Z"}}, {"model": "sessions.session", "pk": "pgo7x9hgky4mfi951ugejvv4cs1kxirs", "fields": {"session_data": ".eJxVjEFuwyAQRe8ya8uCgO3AMvueAc3AENMSqIwdtYpy98ZVpCjb9_5_N2h4ZZdKrGAj5sYdoPd1K6u78pJi4uD4gimDLVvOL7s1XsBCgg4cbuv8D1wKDyaP75DQf3HZTfjEcq69r2VdEvX7pH_a1n_UwPn03L4FZmzz4z0INoPWUSsyQRmlp8joafKRhByNUIwjKuEPNCqcSOKkDqhpNIMZFBHv0catpVoc_3yn5Res6IDwDPYGEqy83_8AF_9bTg:1liyyX:5M18k5btq2HcQTsiSbEDXXDTZ9HbobXrbkcyk7hC2ik", "expire_date": "2021-06-01T12:37:29.856Z"}}, {"model": "sessions.session", "pk": "s85sk3xyjqtvpwf4oepd1ls71t7q6l4s", "fields": {"session_data": "e30:1lhZf0:lrJ3HYJUKhZIBz_OcAmtAvzJ-pugC0r0yapAeZkqVjk", "expire_date": "2021-05-28T15:23:30.848Z"}}, {"model": "sessions.session", "pk": "tflmrc2oc9foyds62o69kq2xa8thstlu", "fields": {"session_data": "e30:1lhrnG:tqe8gYKJHzdCeOQBuudoOlbpQGVW4w-HCwgXQrwGDOk", "expire_date": "2021-05-29T10:45:14.107Z"}}, {"model": "sessions.session", "pk": "v2e9wxebujayac0rs65ux6scov129efx", "fields": {"session_data": ".eJw9yTEKgDAMBdC7_LmDiou5TKg1SqC20lhRind3862vwYeQazr5kqKrysKye42gVGN0_1aTAsIIBzYx05xY7kPLA-ocZr-BGgZQP73vBz6fHYM:1lhBaZ:Zh9oWfylibRiwadCUecFipsFKqVFHTUB0-UKd0aIHJg", "expire_date": "2021-05-27T13:41:19.404Z"}}, {"model": "sites.site", "pk": 1, "fields": {"domain": "example.com", "name": "example.com"}}, {"model": "account.emailaddress", "pk": 6, "fields": {"user": 6, "email": "greentoys@greentoys.com", "verified": true, "primary": true}}, {"model": "toys.category", "pk": 1, "fields": {"name": "Wooden Toys"}}, {"model": "toys.category", "pk": 2, "fields": {"name": "Rubber Toys"}}, {"model": "toys.toy", "pk": 6, "fields": {"name": "Walking dog", "category": 1, "sku": "5", "price": "10.00", "description": "Classic walking toy with a tail that moves when the dog is moving. Perfect toy for the small child that has just learned to walk. Made of wood and toxic-free paint.", "rating": "3.90", "image": "toys/dog.png", "campaign": null}}, {"model": "toys.toy", "pk": 8, "fields": {"name": "Bath ducks", "category": 2, "sku": "4", "price": "12.00", "description": "Mother duck with two ducklings that she can carry on her back. Made of environmental-friendly rubber and without holes so that no waters ends up inside the toy. That way the toy will also last longer since there will not be any of that mold that often accures inside bath-toys after a while.", "rating": "4.00", "image": "toys/ducks.png", "campaign": null}}, {"model": "toys.toy", "pk": 9, "fields": {"name": "Bath Frog", "category": 2, "sku": "3", "price": "9.00", "description": "Dark green bath toy made of natural rubber completely free of harmful substances. No hole in the bottom so no water gets in - which means no mold inside the bath toy!", "rating": "3.60", "image": "toys/frog.png", "campaign": null}}, {"model": "toys.toy", "pk": 10, "fields": {"name": "Bath dolphin", "category": 2, "sku": "2", "price": "10.00", "description": "Beautiful dolphin bath toy, very realisticly looking and made of environmental-friendly rubber. The toy has no hole in the bottom, which means no water gets in and there will therefore not be any mold inside the toy.", "rating": "3.80", "image": "toys/dolphine.png", "campaign": null}}, {"model": "toys.toy", "pk": 11, "fields": {"name": "Block box", "category": 1, "sku": "1", "price": "15.00", "description": "The wooden block box is both a pedagogic toy for learning shapes and perfect for smaller kids to exercise fine motorics. The bright colors are made with non-toxic paint and the wood comes from renewed resources.", "rating": "3.60", "image": "toys/block_box.png", "campaign": null}}, {"model": "toys.toy", "pk": 12, "fields": {"name": "Safari bus", "category": 1, "sku": "6", "price": "20.00", "description": "This wooden bus has a wide range of usage - as a walking toy, as a puzzle fitting the animals into the holes and for using the animals for role playing. Of course it is made out of natural wood and toxic-free paints.", "rating": "4.20", "image": "toys/safari-bus.png", "campaign": null}}, {"model": "toys.toy", "pk": 13, "fields": {"name": "Number puzzle", "category": 1, "sku": "7", "price": "3.70", "description": "Puzzle with numbers in different colors, perfect for learning to fit shapes into the right hole as well as learning colors and numbers, which makes it suitable for children of different ages. The materials are non toxic and renewable", "rating": null, "image": "", "campaign": null}}, {"model": "toys.toy", "pk": 14, "fields": {"name": "Building sticks", "category": 1, "sku": "7", "price": "11.00", "description": "The wooden sticks are perfect for all kinds of building projects for creative kids, as they are suitable for building both simple towers and more complex creations. Made of smooth untreatened wood. Package of 200 sticks.", "rating": "3.80", "image": "toys/sticks.png", "campaign": null}}, {"model": "toys.toy", "pk": 15, "fields": {"name": "Hippie bus", "category": 1, "sku": "8", "price": "14.00", "description": "Walking toy in bright colors, seats for the kid's small dolls and a moveable roof to facilitate all sorts of luggage packing when the kid goes for an adventure with it. Made of natural wood and toxic-free paint.", "rating": "3.90", "image": "toys/hippie-bus.png", "campaign": null}}, {"model": "toys.toy", "pk": 16, "fields": {"name": "Walking giraffe", "category": 1, "sku": "9", "price": "12.00", "description": "The giraffe walking toy moves its head and long neck back and forth when it's rolling and is a perfect company for the small child that has just learned to walk. A rubber layer on the wheels keeps the noise to a minimum when the wheels are moving.", "rating": "3.70", "image": "toys/giraffe.png", "campaign": null}}, {"model": "toys.toy", "pk": 17, "fields": {"name": "Car", "category": 1, "sku": "10", "price": "7.00", "description": "A nice allround car for the smaller child, made of wood from renewable sources and painted with non-toxic colors.", "rating": "3.50", "image": "toys/car.png", "campaign": null}}, {"model": "toys.toy", "pk": 18, "fields": {"name": "Car-towing truck", "category": 1, "sku": "11", "price": "18.00", "description": "Truck with a magnetic lifting crane and cars with a magnet on top to enable lifting on and off the truck's trailer. The entire set is made of environmental-friendly materials and are free from harmful substances.", "rating": "4.20", "image": "toys/tower-truck.png", "campaign": null}}, {"model": "toys.toy", "pk": 19, "fields": {"name": "Veterinary set", "category": 1, "sku": "12", "price": "11.00", "description": "Set with stethoscope, syringe and reflex hammer made entirely of wood and textile.", "rating": "4.10", "image": "toys/nurse-set.png", "campaign": null}}, {"model": "toys.toy", "pk": 20, "fields": {"name": "Garage", "category": 1, "sku": "12", "price": "20.00", "description": "Garage and gas station with ramps and elevator, complete with cars to play with. Made entirely of wood from renwable sources.", "rating": "4.30", "image": "toys/garage.png", "campaign": null}}, {"model": "toys.toy", "pk": 21, "fields": {"name": "Staple toy", "category": 1, "sku": "13", "price": "10.00", "description": "Staple toy made of wood, perfect for small kids exercising fine motorics and learning to fit shapes while also practising colors.", "rating": "3.90", "image": "toys/staple-toy.png", "campaign": null}}, {"model": "toys.toy", "pk": 22, "fields": {"name": "Guitar", "category": 1, "sku": "14", "price": "17.00", "description": "This guitar is also a drum and a xylophone all in one, made from wood and rubber and with toxic-free paint.", "rating": "4.40", "image": "toys/guitar.png", "campaign": null}}, {"model": "toys.toy", "pk": 23, "fields": {"name": "Musical egg", "category": 1, "sku": "15", "price": "8.00", "description": "Wooden maraccah in the shape of an egg, perfect for small hands to grab and make music with.", "rating": "3.80", "image": "toys/musical-egg.png", "campaign": null}}, {"model": "toys.campaign", "pk": 1, "fields": {"price": "10.00"}}, {"model": "profiles.userprofile", "pk": 2, "fields": {"user": 6, "default_phone_number": "01234567892", "default_country": "AR", "default_postcode": "12345", "default_town_or_city": "anywhere", "default_street_address_1": null, "default_street_address_2": null, "default_county": "anywhere"}}, {"model": "checkout.order", "pk": 8, "fields": {"order_number": "7D232F0D01D54842BD86EF0FBB5501F4", "user_profile": 2, "full_name": "Isabelle Ängsås", "email": "test@test.com", "phone_number": "01234567892", "country": "AR", "postcode": "12345", "town_or_city": "anywhere", "street_address1": "anywhere", "street_address2": null, "county": "anywhere", "date": "2021-05-14T17:06:09.517Z", "delivery_cost": "10.00", "order_total": "0.00", "grand_total": "10.00", "original_bag": "{\"1\": 1}", "stripe_pid": "pi_1Ir4SPKLIARiMAUVGqePdVn3"}}, {"model": "checkout.order", "pk": 9, "fields": {"order_number": "565BD5D6187543FAB6258E97F2F59109", "user_profile": 2, "full_name": "Isabelle Ängsås", "email": "test@test.com", "phone_number": "01234567892", "country": "AR", "postcode": "12345", "town_or_city": "anywhere", "street_address1": "anywhere", "street_address2": null, "county": "anywhere", "date": "2021-05-14T17:46:01.866Z", "delivery_cost": "10.00", "order_total": "0.00", "grand_total": "10.00", "original_bag": "{\"1\": 1}", "stripe_pid": "pi_1Ir54zKLIARiMAUVfztDMhGB"}}, {"model": "checkout.order", "pk": 10, "fields": {"order_number": "402516BCBDAD446AB2B0CCB4A5C59EC7", "user_profile": 2, "full_name": "Isabelle Ängsås", "email": "test@test.com", "phone_number": "01234567892", "country": "AR", "postcode": "12345", "town_or_city": "anywhere", "street_address1": "anywhere", "street_address2": null, "county": "anywhere", "date": "2021-05-14T17:51:36.205Z", "delivery_cost": "10.00", "order_total": "0.00", "grand_total": "10.00", "original_bag": "{\"1\": 1}", "stripe_pid": "pi_1Ir5APKLIARiMAUVdU1XaPYs"}}, {"model": "checkout.order", "pk": 11, "fields": {"order_number": "F889F4B5D0F74994A254A9AF30919051", "user_profile": 2, "full_name": "Isabelle Ängsås", "email": "test@test.com", "phone_number": "01234567892", "country": "AR", "postcode": "12345", "town_or_city": "anywhere", "street_address1": "anywhere", "street_address2": null, "county": "anywhere", "date": "2021-05-14T18:00:43.441Z", "delivery_cost": "10.00", "order_total": "0.00", "grand_total": "10.00", "original_bag": "{\"1\": 1}", "stripe_pid": "pi_1Ir5JCKLIARiMAUVXkmNsA5M"}}, {"model": "checkout.order", "pk": 12, "fields": {"order_number": "9563FDCFBFAB40FA9E3DAFA4B4E46D54", "user_profile": 2, "full_name": "Isabelle Ängsås", "email": "test@test.com", "phone_number": "01234567892", "country": "AR", "postcode": "12345", "town_or_city": "anywhere", "street_address1": "anywhere", "street_address2": null, "county": "anywhere", "date": "2021-05-14T18:02:17.681Z", "delivery_cost": "10.00", "order_total": "0.00", "grand_total": "10.00", "original_bag": "{\"1\": 1}", "stripe_pid": "pi_1Ir4NfKLIARiMAUVL0kOCiAD"}}, {"model": "checkout.order", "pk": 13, "fields": {"order_number": "EFA000E25B9A407D82B92DE6A69A0B0F", "user_profile": null, "full_name": "Isabelle Ängsås", "email": "test@test.com", "phone_number": "01234567892", "country": "AR", "postcode": "12345", "town_or_city": "anywhere", "street_address1": "anywhere", "street_address2": null, "county": "anywhere", "date": "2021-05-14T18:02:37.765Z", "delivery_cost": "10.00", "order_total": "0.00", "grand_total": "10.00", "original_bag": "{\"2\": 1}", "stripe_pid": "pi_1Ir2W7KLIARiMAUVsvKuPqdk"}}, {"model": "checkout.order", "pk": 14, "fields": {"order_number": "BA93500D6DF74A8E93C6EA0DD84DDF09", "user_profile": null, "full_name": "Isabelle Ängsås", "email": "test@test.com", "phone_number": "01234567892", "country": "AR", "postcode": "12345", "town_or_city": "anywhere", "street_address1": "anywhere", "street_address2": null, "county": "anywhere", "date": "2021-05-14T18:05:35.025Z", "delivery_cost": "10.00", "order_total": "0.00", "grand_total": "10.00", "original_bag": "{\"2\": 1}", "stripe_pid": "pi_1Ir2Z7KLIARiMAUV418Kw6ul"}}, {"model": "checkout.order", "pk": 15, "fields": {"order_number": "25A40CB873C54B5F9542012DD029A0C3", "user_profile": 2, "full_name": "Isabelle Ängsås", "email": "test@test.com", "phone_number": "01234567892", "country": "AR", "postcode": "12345", "town_or_city": "anywhere", "street_address1": "anywhere", "street_address2": null, "county": "anywhere", "date": "2021-05-14T18:05:37.333Z", "delivery_cost": "10.00", "order_total": "0.00", "grand_total": "10.00", "original_bag": "{\"1\": 1}", "stripe_pid": "pi_1Ir4SPKLIARiMAUVGqePdVn3"}}, {"model": "checkout.order", "pk": 16, "fields": {"order_number": "60671D43B27A4C1EB09270C5D17B9C19", "user_profile": 2, "full_name": "Isabelle Ängsås", "email": "test@test.com", "phone_number": "01234567892", "country": "AR", "postcode": "12345", "town_or_city": "anywhere", "street_address1": "anywhere", "street_address2": null, "county": "anywhere", "date": "2021-05-14T18:09:16.877Z", "delivery_cost": "10.00", "order_total": "0.00", "grand_total": "10.00", "original_bag": "{\"1\": 1}", "stripe_pid": "pi_1Ir5RaKLIARiMAUV2mKs1V1r"}}, {"model": "checkout.order", "pk": 17, "fields": {"order_number": "287AF5F149FE4A768025C81D8AB6BDEB", "user_profile": 2, "full_name": "Isabelle Ängsås", "email": "test@test.com", "phone_number": "01234567892", "country": "AR", "postcode": "12345", "town_or_city": "anywhere", "street_address1": "anywhere", "street_address2": null, "county": "anywhere", "date": "2021-05-14T18:09:22.717Z", "delivery_cost": "10.00", "order_total": "0.00", "grand_total": "10.00", "original_bag": "{\"1\": 1}", "stripe_pid": "pi_1Ir5RaKLIARiMAUV2mKs1V1r"}}, {"model": "checkout.order", "pk": 18, "fields": {"order_number": "04E242666DB7453EA7C4FA39BB5ABE5E", "user_profile": 2, "full_name": "Isabelle Ängsås", "email": "test@test.com", "phone_number": "01234567892", "country": "AR", "postcode": "12345", "town_or_city": "anywhere", "street_address1": "anywhere", "street_address2": null, "county": "anywhere", "date": "2021-05-14T18:10:52.085Z", "delivery_cost": "10.00", "order_total": "0.00", "grand_total": "10.00", "original_bag": "{\"1\": 1}", "stripe_pid": "pi_1Ir5T9KLIARiMAUVnBNoBHTY"}}, {"model": "checkout.order", "pk": 19, "fields": {"order_number": "FF46F71778BB494484AC9919758FF149", "user_profile": 2, "full_name": "Isabelle Ängsås", "email": "test@test.com", "phone_number": "01234567892", "country": "AR", "postcode": "12345", "town_or_city": "anywhere", "street_address1": "anywhere", "street_address2": null, "county": "anywhere", "date": "2021-05-14T18:10:58.369Z", "delivery_cost": "10.00", "order_total": "0.00", "grand_total": "10.00", "original_bag": "{\"1\": 1}", "stripe_pid": "pi_1Ir5T9KLIARiMAUVnBNoBHTY"}}, {"model": "checkout.order", "pk": 20, "fields": {"order_number": "01603660E60E40D89D3B1BC9461407CD", "user_profile": 2, "full_name": "Isabelle Ängsås", "email": "test@test.com", "phone_number": "01234567892", "country": "AR", "postcode": "12345", "town_or_city": "anywhere", "street_address1": "anywhere", "street_address2": null, "county": "anywhere", "date": "2021-05-15T10:37:55.419Z", "delivery_cost": "10.00", "order_total": "0.00", "grand_total": "10.00", "original_bag": "{\"1\": 1}", "stripe_pid": "pi_1IrKsIKLIARiMAUVcvDH2WjY"}}, {"model": "checkout.order", "pk": 21, "fields": {"order_number": "AB1328202D1745688D8A121A1EE4B044", "user_profile": 2, "full_name": "Isabelle Ängsås", "email": "test@test.com", "phone_number": "01234567892", "country": "AR", "postcode": "12345", "town_or_city": "anywhere", "street_address1": "anywhere", "street_address2": null, "county": "anywhere", "date": "2021-05-15T10:38:01.469Z", "delivery_cost": "10.00", "order_total": "0.00", "grand_total": "10.00", "original_bag": "{\"1\": 1}", "stripe_pid": "pi_1IrKsIKLIARiMAUVcvDH2WjY"}}, {"model": "checkout.order", "pk": 22, "fields": {"order_number": "DCADB0D512314645A7883906EF433E2F", "user_profile": null, "full_name": "testtest", "email": "test@test.com", "phone_number": "1234567892", "country": "BS", "postcode": "12345", "town_or_city": "anywhere", "street_address1": "anywhere", "street_address2": null, "county": "anywhere", "date": "2021-05-15T11:49:56.020Z", "delivery_cost": "10.00", "order_total": "0.00", "grand_total": "10.00", "original_bag": "{\"1\": 1}", "stripe_pid": "pi_1IrM00KLIARiMAUVntN3NiWO"}}, {"model": "checkout.order", "pk": 23, "fields": {"order_number": "646130E3FEE94997BCCD4C39695A7A8F", "user_profile": null, "full_name": "testtest", "email": "test@test.com", "phone_number": "1234567892", "country": "BS", "postcode": "12345", "town_or_city": "anywhere", "street_address1": "anywhere", "street_address2": null, "county": "anywhere", "date": "2021-05-15T11:50:02.112Z", "delivery_cost": "10.00", "order_total": "0.00", "grand_total": "10.00", "original_bag": "{\"1\": 1}", "stripe_pid": "pi_1IrM00KLIARiMAUVntN3NiWO"}}, {"model": "checkout.order", "pk": 24, "fields": {"order_number": "ED94CC26389B430AB671D2EBB8D2DD14", "user_profile": 2, "full_name": "Isabelle Ängsås", "email": "greentoys@greentoys.com", "phone_number": "01234567892", "country": "AX", "postcode": "12345", "town_or_city": "anywhere", "street_address1": "hlkhkn.k", "street_address2": null, "county": "anywhere", "date": "2021-05-16T18:03:03.483Z", "delivery_cost": "10.00", "order_total": "0.00", "grand_total": "10.00", "original_bag": "{\"2\": 1}", "stripe_pid": "pi_1IroISKLIARiMAUVRfwi1mGD"}}, {"model": "checkout.order", "pk": 25, "fields": {"order_number": "D99F9877421447F0BC6C2A0D80D468FA", "user_profile": 2, "full_name": "Isabelle Ängsås", "email": "greentoys@greentoys.com", "phone_number": "01234567892", "country": "AX", "postcode": "12345", "town_or_city": "anywhere", "street_address1": "hlkhkn.k", "street_address2": null, "county": "anywhere", "date": "2021-05-16T18:03:09.399Z", "delivery_cost": "10.00", "order_total": "0.00", "grand_total": "10.00", "original_bag": "{\"2\": 1}", "stripe_pid": "pi_1IroISKLIARiMAUVRfwi1mGD"}}, {"model": "checkout.order", "pk": 26, "fields": {"order_number": "BE6F4D70AA1248FC907CF922728154EC", "user_profile": 2, "full_name": "Isabelle", "email": "isabelle.angsas@gmail.com", "phone_number": "01234567892", "country": "AX", "postcode": "12345", "town_or_city": "anywhere", "street_address1": "jhkjhkj", "street_address2": null, "county": "anywhere", "date": "2021-05-16T18:07:30.529Z", "delivery_cost": "10.00", "order_total": "0.00", "grand_total": "10.00", "original_bag": "{\"3\": 1}", "stripe_pid": "pi_1IroMiKLIARiMAUV3o5YJ7LJ"}}, {"model": "checkout.order", "pk": 27, "fields": {"order_number": "AB496C50642A49E1B248C246FF82706B", "user_profile": 2, "full_name": "Isabelle", "email": "isabelle.angsas@gmail.com", "phone_number": "01234567892", "country": "AX", "postcode": "12345", "town_or_city": "anywhere", "street_address1": "jhkjhkj", "street_address2": null, "county": "anywhere", "date": "2021-05-16T18:07:36.274Z", "delivery_cost": "10.00", "order_total": "0.00", "grand_total": "10.00", "original_bag": "{\"3\": 1}", "stripe_pid": "pi_1IroMiKLIARiMAUV3o5YJ7LJ"}}, {"model": "checkout.order", "pk": 28, "fields": {"order_number": "F723BA8ABB644353B8421361BA1E4563", "user_profile": 2, "full_name": "Isabelle Ängsås", "email": "test@test.com", "phone_number": "01234567892", "country": "AR", "postcode": "12345", "town_or_city": "anywhere", "street_address1": "anywhere", "street_address2": null, "county": "anywhere", "date": "2021-05-17T08:13:37.879Z", "delivery_cost": "10.00", "order_total": "0.00", "grand_total": "10.00", "original_bag": "{\"1\": 1}", "stripe_pid": "pi_1Is1ZWKLIARiMAUVQPKJSx6Q"}}, {"model": "checkout.order", "pk": 29, "fields": {"order_number": "664108432E874B8DA63DBA7ACC3D925F", "user_profile": 2, "full_name": "Isabelle Ängsås", "email": "test@test.com", "phone_number": "01234567892", "country": "AR", "postcode": "12345", "town_or_city": "anywhere", "street_address1": "anywhere", "street_address2": null, "county": "anywhere", "date": "2021-05-17T08:13:43.725Z", "delivery_cost": "10.00", "order_total": "0.00", "grand_total": "10.00", "original_bag": "{\"1\": 1}", "stripe_pid": "pi_1Is1ZWKLIARiMAUVQPKJSx6Q"}}, {"model": "checkout.order", "pk": 30, "fields": {"order_number": "3BB71940E1584A1B98C213847D8D5283", "user_profile": null, "full_name": "testtest", "email": "test@test.com", "phone_number": "1234567892", "country": "BS", "postcode": "12345", "town_or_city": "anywhere", "street_address1": "anywhere", "street_address2": null, "county": "anywhere", "date": "2021-05-17T12:21:13.950Z", "delivery_cost": "10.00", "order_total": "0.00", "grand_total": "10.00", "original_bag": "{\"3\": 1}", "stripe_pid": "pi_1Is5RNKLIARiMAUVmgtnAPEs"}}, {"model": "checkout.order", "pk": 31, "fields": {"order_number": "D6C9F0A5616349A18FA431CEAC8201E7", "user_profile": null, "full_name": "testtest", "email": "test@test.com", "phone_number": "1234567892", "country": "BS", "postcode": "12345", "town_or_city": "anywhere", "street_address1": "anywhere", "street_address2": null, "county": "anywhere", "date": "2021-05-17T12:21:19.641Z", "delivery_cost": "10.00", "order_total": "0.00", "grand_total": "10.00", "original_bag": "{\"3\": 1}", "stripe_pid": "pi_1Is5RNKLIARiMAUVmgtnAPEs"}}, {"model": "checkout.order", "pk": 32, "fields": {"order_number": "680150D9AF7D4642892BFE356E6302A1", "user_profile": 2, "full_name": "Isabelle Ängsås", "email": "test@test.com", "phone_number": "01234567892", "country": "AR", "postcode": "12345", "town_or_city": "anywhere", "street_address1": "anywhere", "street_address2": null, "county": "anywhere", "date": "2021-05-17T13:02:16.764Z", "delivery_cost": "10.00", "order_total": "0.00", "grand_total": "10.00", "original_bag": "{\"1\": 1}", "stripe_pid": "pi_1Is659KLIARiMAUVVse1n2Yf"}}, {"model": "checkout.order", "pk": 33, "fields": {"order_number": "BC5B2895B46C432A9C9E0A3F6956A622", "user_profile": 2, "full_name": "Isabelle Ängsås", "email": "test@test.com", "phone_number": "01234567892", "country": "AR", "postcode": "12345", "town_or_city": "anywhere", "street_address1": "anywhere", "street_address2": null, "county": "anywhere", "date": "2021-05-17T13:02:22.996Z", "delivery_cost": "10.00", "order_total": "0.00", "grand_total": "10.00", "original_bag": "{\"1\": 1}", "stripe_pid": "pi_1Is659KLIARiMAUVVse1n2Yf"}}, {"model": "blog.blogcomment", "pk": 4, "fields": {"post": null, "author": "Me", "content": "bkjbfkjafbkf", "posted_date": "2021-05-17T10:15:31.615Z"}}]